Time,long,M,a,e,i,peri,node,mass,x,y,z,vx,vy,vz
0.0000000,1.422728E+01,2.298042E+02,5.20194,0.048935,1.3037,273.7103,100.5170,9.547919E-04,-2.6926241384894474,-4.6491231044206334,0.0795627638174092,0.0064447518431335,-0.0034290909196864,-0.0001299635434063
10.0000000,1.422728E+01,1.733702E+02,5.20194,0.048935,1.3037,273.7103,100.5170,9.547919E-04,-5.3976881710829083,-0.7785043333155729,0.1240127957773704,0.0009877742058343,-0.0071191054321881,0.0000074703562928
20.0000000,1.422728E+01,1.169363E+02,5.20194,0.048935,1.3037,273.7103,100.5170,9.547919E-04,-3.8324284822689743,3.6990004111026265,0.0703888872237292,-0.0053352517854287,-0.0050778766575796,0.0001404753496075
30.0000000,1.422728E+01,6.050233E+01,5.20194,0.048935,1.3037,273.7103,100.5170,9.547919E-04,0.9041805496734431,5.0051995029176757,-0.0410236248573788,-0.0075234671432390,0.0017023631780092,0.0001612737623102
40.0000000,1.422728E+01,4.068386E+00,5.20194,0.048935,1.3037,273.7103,100.5170,9.547919E-04,4.6851067966387188,1.5877690860697724,-0.1114297404398074,-0.0025151731841513,0.0075136352232022,0.0000250679025071
50.0000000,1.422728E+01,3.076344E+02,5.20194,0.048935,1.3037,273.7103,100.5170,9.547919E-04,3.7112295034044931,-3.4310005724399990,-0.0687902079710320,0.0050354651706112,0.0059061326648271,-0.0001372078957951
60.0000000,1.422728E+01,2.512005E+02,5.20194,0.048935,1.3037,273.7103,100.5170,9.547919E-04,-0.8981062719774138,-5.2179736463495150,0.0417715723635741,0.0073526183330581,-0.0009240877298469,-0.0001606838061444
70.0000000,1.422728E+01,1.947666E+02,5.20194,0.048935,1.3037,273.7103,100.5170,9.547919E-04,-4.8254907985828517,-2.5279485130536887,0.1184764924853109,0.0034139389680200,-0.0063341610247627,-0.0000500782676662
80.0000000,1.422728E+01,1.383326E+02,5.20194,0.048935,1.3037,273.7103,100.5170,9.547919E-04,-4.9342347204314825,2.1849619355757048,0.1013322766597782,-0.0031478614822760,-0.0065496965575106,0.0000976441723113
90.0000000,1.422728E+01,8.189867E+01,5.20194,0.048935,1.3037,273.7103,100.5170,9.547919E-04,-1.0515754741348415,5.0704901351683027,0.0024672304797943,-0.0074863725904700,-0.0011754927171945,0.0001723983734453
100.0000000,1.422728E+01,2.546473E+01,5.20194,0.048935,1.3037,273.7103,100.5170,9.547919E-04,3.6816230893623292,3.3440751612847834,-0.0962714616409297,-0.0051687696655086,0.0059514357920230,0.0000909342721403
110.0000000,1.422728E+01,3.290308E+02,5.20194,0.048935,1.3037,273.7103,100.5170,9.547919E-04,4.6916895496014801,-1.6883524449880005,-0.0979679969042504,0.0024654735118446,0.0074670561803902,-0.0000861857528633
120.0000000,1.422728E+01,2.725968E+02,5.20194,0.048935,1.3037,273.7103,100.5170,9.547919E-04,1.0119642820895383,-5.1034983654265842,-0.0014437724011620,0.0073177995668990,0.0018274553599790,-0.0001713346357951
130.0000000,1.422728E+01,2.161629E+02,5.20194,0.048935,1.3037,273.7103,100.5170,9.547919E-04,-3.6730310203836973,-3.9729015834093504,0.0986913560069181,0.0054547042165041,-0.0047711806852617,-0.0001022351455792
140.0000000,1.422728E+01,1.597290E+02,5.20194,0.048935,1.3037,273.7103,100.5170,9.547919E-04,-5.4261272250216432,0.3994762018983950,0.1197558070019996,-0.0006445794629473,-0.0071760579708425,0.0000442325471679
150.0000000,1.422728E+01,1.032950E+02,5.20194,0.048935,1.3037,273.7103,100.5170,9.547919E-04,-2.8628243581811312,4.4268308885311525,0.0456695728351371,-0.0064325804456908,-0.0037444671864073,0.0001594902231899
160.0000000,1.422728E+01,4.686108E+01,5.20194,0.048935,1.3037,273.7103,100.5170,9.547919E-04,2.0988153030719765,4.5760718312882522,-0.0659722184340341,-0.0069559324936684,0.0035090514749935,0.0001410695847290
170.0000000,1.422728E+01,3.504271E+02,5.20194,0.048935,1.3037,273.7103,100.5170,9.547919E-04,4.9399405696029284,0.3160300406687215,-0.1118490950185238,-0.0005736465028880,0.0078977484854846,-0.0000199713844851
180.0000000,1.422728E+01,2.939932E+02,5.20194,0.048935,1.3037,273.7103,100.5170,9.547919E-04,2.7802159077596889,-4.2862192012447196,-0.0444052251833263,0.0062452532256050,0.0044698591043577,-0.0001583118668011
190.0000000,1.422728E+01,2.375593E+02,5.20194,0.048935,1.3037,273.7103,100.5170,9.547919E-04,-2.0704903136839130,-4.9294234229943230,0.0668062431802763,0.0068725721081368,-0.0025684156638606,-0.0001431117194388
200.0000000,1.422728E+01,1.811253E+02,5.20194,0.048935,1.3037,273.7103,100.5170,9.547919E-04,-5.2629626196241261,-1.4348525219553274,0.1237246480846073,0.0018960025663562,-0.0069305477260332,-0.0000136354674770
210.0000000,1.422728E+01,1.246914E+02,5.20194,0.048935,1.3037,273.7103,100.5170,9.547919E-04,-4.2963806248633007,3.1951813948471122,0.0828631674055283,-0.0045970648596992,-0.0057041597821116,0.0001265592360589
220.0000000,1.422728E+01,6.825743E+01,5.20194,0.048935,1.3037,273.7103,100.5170,9.547919E-04,0.1956510259177422,5.1148717170602680,-0.0256251199423144,-0.0076383021883769,0.0006478977011388,0.0001682235752194
230.0000000,1.422728E+01,1.182348E+01,5.20194,0.048935,1.3037,273.7103,100.5170,9.547919E-04,4.4015114868887260,2.2695227347924796,-0.1079160117353294,-0.0035521221007438,0.0070734964359294,0.0000500990526342
240.0000000,1.422728E+01,3.153895E+02,5.20194,0.048935,1.3037,273.7103,100.5170,9.547919E-04,4.1423097699508142,-2.8473612937501471,-0.0808605198860050,0.0041865408031313,0.0065845156342300,-0.0001210303401642
250.0000000,1.422728E+01,2.589556E+02,5.20194,0.048935,1.3037,273.7103,100.5170,9.547919E-04,-0.2062054261550439,-5.2584146633863851,0.0264575643557959,0.0074563140060019,0.0000615562092740,-0.0001670984787147
260.0000000,1.422728E+01,2.025217E+02,5.20194,0.048935,1.3037,273.7103,100.5170,9.547919E-04,-4.4693129577909687,-3.0972552741635426,0.1128715488066178,0.0042109853400490,-0.0058517274070336,-0.0000699170422002
270.0000000,1.422728E+01,1.460877E+02,5.20194,0.048935,1.3037,273.7103,100.5170,9.547919E-04,-5.1869032646640898,1.5576482983825530,0.1095918645962211,-0.0022621036271777,-0.0068773474255798,0.0000791854846933
280.0000000,1.422728E+01,8.965377E+01,5.20194,0.048935,1.3037,273.7103,100.5170,9.547919E-04,-1.7382987264452165,4.9144420214863906,0.0184816021390297,-0.0072112895872291,-0.0021608674308266,0.0001703363611867
290.0000000,1.422728E+01,3.321983E+01,5.20194,0.048935,1.3037,273.7103,100.5170,9.547919E-04,3.1626406949490993,3.8626270311881918,-0.0868127606141650,-0.0059344293002881,0.0051454503433258,0.0001114147731460
300.0000000,1.422728E+01,3.367859E+02,5.20194,0.048935,1.3037,273.7103,100.5170,9.547919E-04,4.8720760375284993,-0.9764482888972252,-0.1049615885299487,0.0013923709258490,0.0077659131713282,-0.0000634154221892
310.0000000,1.422728E+01,2.803519E+02,5.20194,0.048935,1.3037,273.7103,100.5170,9.547919E-04,1.6833670728217847,-4.8865421746221056,-0.0173683455351652,0.0070500554331244,0.0028189362551036,-0.0001694622035015
320.0000000,1.422728E+01,2.239180E+02,5.20194,0.048935,1.3037,273.7103,100.5170,9.547919E-04,-3.1354906212552529,-4.3844844568027028,0.0883730501295562,0.0060524238390217,-0.0040373073820170,-0.0001186582597797
330.0000000,1.422728E+01,1.674841E+02,5.20194,0.048935,1.3037,273.7103,100.5170,9.547919E-04,-5.4428399805383414,-0.2715220963033918,0.1229171054775584,0.0002860754130886,-0.0071870608034815,0.0000234538831546
340.0000000,1.422728E+01,1.110501E+02,5.20194,0.048935,1.3037,273.7103,100.5170,9.547919E-04,-3.4362986312448656,4.0397923369891631,0.0601094173468750,-0.0058432445151597,-0.0045369174618179,0.0001495950652266
350.0000000,1.422728E+01,5.461618E+01,5.20194,0.048935,1.3037,273.7103,100.5170,9.547919E-04,1.4308759918525393,4.8565045772406981,-0.0521913025470784,-0.0073357819078176,0.0024945832392058,0.0001537832206045
360.0000000,1.422728E+01,3.581822E+02,5.20194,0.048935,1.3037,273.7103,100.5170,9.547919E-04,4.8341673422298834,1.0469972806342076,-0.1125187538981056,-0.0016899149413567,0.0077420491848854,0.0000056530580766
370.0000000,1.422728E+01,3.017483E+02,5.20194,0.048935,1.3037,273.7103,100.5170,9.547919E-04,3.3340541907126457,-3.8288597627759597,-0.0586978076346509,0.0056044696683515,0.0053199403069612,-0.0001475049141417
380.0000000,1.422728E+01,2.453143E+02,5.20194,0.048935,1.3037,273.7103,100.5170,9.547919E-04,-1.4135009001386649,-5.1266629827101999,0.0529247573581628,0.0071903169279240,-0.0016507708279804,-0.0001540334951748
390.0000000,1.422728E+01,1.888804E+02,5.20194,0.048935,1.3037,273.7103,100.5170,9.547919E-04,-5.0447856927995476,-2.0684485664249679,0.1214746765351471,0.0027744565703640,-0.0066319719015602,-0.0000345320753737
400.0000000,1.422728E+01,1.324465E+02,5.20194,0.048935,1.3037,273.7103,100.5170,9.547919E-04,-4.6882841351022586,2.6377447952222139,0.0939480125162168,-0.0037932617831316,-0.0062261672528968,0.0001107417309137
410.0000000,1.422728E+01,7.601252E+01,5.20194,0.048935,1.3037,273.7103,100.5170,9.547919E-04,-0.5166786651336936,5.1263546167289178,-0.0097337030048703,-0.0076057323359981,-0.0003987325571467,0.0001718425028089
420.0000000,1.422728E+01,1.957858E+01,5.20194,0.048935,1.3037,273.7103,100.5170,9.547919E-04,4.0247024726048553,2.9032270021854805,-0.1021169319554098,-0.0045092145818319,0.0064860506645364,0.0000739552466285
430.0000000,1.422728E+01,3.231446E+02,5.20194,0.048935,1.3037,273.7103,100.5170,9.547919E-04,4.4894437827889639,-2.2060646512237176,-0.0912919563752717,0.0032390053106386,0.0071390230303288,-0.0001021316778559
440.0000000,1.422728E+01,2.667107E+02,5.20194,0.048935,1.3037,273.7103,100.5170,9.547919E-04,0.4893005672487855,-5.2059375623230375,0.0106769046934138,0.0074289591808247,0.0010647852589517,-0.0001706538089303
450.0000000,1.422728E+01,2.102768E+02,5.20194,0.048935,1.3037,273.7103,100.5170,9.547919E-04,-4.0415837753641757,-3.6169620797550510,0.1054595308317547,0.0049456683220071,-0.0052720428634337,-0.0000887643523357
460.0000000,1.422728E+01,1.538428E+02,5.20194,0.048935,1.3037,273.7103,100.5170,9.547919E-04,-5.3555182263238805,0.9050743371179897,0.1160755979059704,-0.0013484789204804,-0.0070908588879212,0.0000596291111561
470.0000000,1.422728E+01,9.740887E+01,5.20194,0.048935,1.3037,273.7103,100.5170,9.547919E-04,-2.3934617086879677,4.6690422567798420,0.0341609475554478,-0.0068117512274686,-0.0030881393794901,0.0001652481715769
480.0000000,1.422728E+01,4.097493E+01,5.20194,0.048935,1.3037,273.7103,100.5170,9.547919E-04,2.5782362039928373,4.3013259202449108,-0.0755584621688749,-0.0065688541652618,0.0042435658049220,0.0001293571255281
490.0000000,1.422728E+01,3.445410E+02,5.20194,0.048935,1.3037,273.7103,100.5170,9.547919E-04,4.9503184853100839,-0.2440962033252327,-0.1097545420110665,0.0002803364847886,0.0079039901622782,-0.0000391060691810
500.0000000,1.422728E+01,2.881070E+02,5.20194,0.048935,1.3037,273.7103,100.5170,9.547919E-04,2.3233332967144338,-4.5784652591515647,-0.0329680091630791,0.0066441451954302,0.0037772065411364,-0.0001643602038853
510.0000000,1.422728E+01,2.316731E+02,5.20194,0.048935,1.3037,273.7103,100.5170,9.547919E-04,-2.5464224142896015,-4.7239743331949029,0.0766022810262973,0.0065574196411273,-0.0032275146326207,-0.0001333219522394
520.0000000,1.422728E+01,1.752392E+02,5.20194,0.048935,1.3037,273.7103,100.5170,9.547919E-04,-5.3729896658180358,-0.9382087603902332,0.1241235547415373,0.0012087225481781,-0.0070838892243152,0.0000023801190914
530.0000000,1.422728E+01,1.188052E+02,5.20194,0.048935,1.3037,273.7103,100.5170,9.547919E-04,-3.9504869613753337,3.5830022992332706,0.0735124256081489,-0.0051640959705108,-0.0052380200583227,0.0001373107975869
540.0000000,1.422728E+01,6.237127E+01,5.20194,0.048935,1.3037,273.7103,100.5170,9.547919E-04,0.7345177568677013,5.0406295481074972,-0.0373744203128935,-0.0075648533512120,0.0014486706964661,0.0001632536626579
550.0000000,1.422728E+01,5.937331E+00,5.20194,0.048935,1.3037,273.7103,100.5170,9.547919E-04,4.6256640429758198,1.7557129998243335,-0.1107972876484758,-0.0027710898336179,0.0074217364071644,0.0000311760519998
560.0000000,1.422728E+01,3.095034E+02,5.20194,0.048935,1.3037,273.7103,100.5170,9.547919E-04,3.8222858482694479,-3.2962223245398441,-0.0718350791866451,0.0048407776523522,0.0060799791633413,-0.0001335737202571
570.0000000,1.422728E+01,2.530694E+02,5.20194,0.048935,1.3037,273.7103,100.5170,9.547919E-04,-0.7323412739145424,-5.2361142364051094,0.0381377644683200,0.0073892762299147,-0.0006890274157923,-0.0001624805074198
580.0000000,1.422728E+01,1.966355E+02,5.20194,0.048935,1.3037,273.7103,100.5170,9.547919E-04,-4.7464985826878383,-2.6691929586429763,0.1172956903225336,0.0036111098501049,-0.0062271057664803,-0.0000549348795746
590.0000000,1.422728E+01,1.402016E+02,5.20194,0.048935,1.3037,273.7103,100.5170,9.547919E-04,-5.0026620307196525,2.0366618770334375,0.1034794486592867,-0.0029376671798912,-0.0066389979420934,0.0000933118151718
600.0000000,1.422728E+01,8.376762E+01,5.20194,0.048935,1.3037,273.7103,100.5170,9.547919E-04,-1.2193260380410542,5.0413315409304955,0.0063419487277881,-0.0074320394340851,-0.0014174411217524,0.0001721876685492
610.0000000,1.422728E+01,2.733368E+01,5.20194,0.048935,1.3037,273.7103,100.5170,9.547919E-04,3.5631782588893008,3.4758461675478656,-0.0941685134767128,-0.0053645470109786,0.0057671427073929,0.0000960805488718
620.0000000,1.422728E+01,3.308997E+02,5.20194,0.048935,1.3037,273.7103,100.5170,9.547919E-04,4.7442848985131700,-1.5194535881104581,-0.0998464799180637,0.0022117612240581,0.0075533046430089,-0.0000808669537151
630.0000000,1.422728E+01,2.744658E+02,5.20194,0.048935,1.3037,273.7103,100.5170,9.547919E-04,1.1759523358112038,-5.0596937100431241,-0.0052951404491476,0.0072659326393755,0.0020683695525064,-0.0001711748192059
640.0000000,1.422728E+01,2.180319E+02,5.20194,0.048935,1.3037,273.7103,100.5170,9.547919E-04,-3.5486527780854340,-4.0782958949488100,0.0963460725512700,0.0056066679976290,-0.0046017594906470,-0.0001063392703121
650.0000000,1.422728E+01,1.615979E+02,5.20194,0.048935,1.3037,273.7103,100.5170,9.547919E-04,-5.4380999523283933,0.2379468393528170,0.1206947036985914,-0.0004202421860927,-0.0071892210004257,0.0000392674468402
660.0000000,1.422728E+01,1.051640E+02,5.20194,0.048935,1.3037,273.7103,100.5170,9.547919E-04,-3.0059891628896906,4.3403841214763030,0.0492321347798864,-0.0062994893243710,-0.0039432924073933,0.0001573380928842
670.0000000,1.422728E+01,4.873002E+01,5.20194,0.048935,1.3037,273.7103,100.5170,9.547919E-04,1.9411972257490644,4.6522835925510000,-0.0627619345438978,-0.0070611554683694,0.0032687044188649,0.0001444224620423
680.0000000,1.422728E+01,3.522961E+02,5.20194,0.048935,1.3037,273.7103,100.5170,9.547919E-04,4.9239952488199092,0.4933960541853367,-0.1122290819760259,-0.0008444193564477,0.0078755284157486,-0.0000138202581526
690.0000000,1.422728E+01,2.958621E+02,5.20194,0.048935,1.3037,273.7103,100.5170,9.547919E-04,2.9190638487963065,-4.1833135113530595,-0.0479395633371783,0.0061025910639883,0.0046818592313536,-0.0001560003032063
700.0000000,1.422728E+01,2.394282E+02,5.20194,0.048935,1.3037,273.7103,100.5170,9.547919E-04,-1.9149558343282533,-4.9847526376680413,0.0635558356659014,0.0069595608984334,-0.0023520167167440,-0.0001459571072604
710.0000000,1.422728E+01,1.829943E+02,5.20194,0.048935,1.3037,273.7103,100.5170,9.547919E-04,-5.2179075119983800,-1.5900151709559429,0.1233610403300776,0.0021108884221481,-0.0068685297663522,-0.0000187013849699
720.0000000,1.422728E+01,1.265603E+02,5.20194,0.048935,1.3037,273.7103,100.5170,9.547919E-04,-4.3976458575061477,3.0653757909750050,0.0856682959015563,-0.0044088285935298,-0.0058397110805653,0.0001229103353707
730.0000000,1.422728E+01,7.012637E+01,5.20194,0.048935,1.3037,273.7103,100.5170,9.547919E-04,0.0238104832855135,5.1265869586995469,-0.0218286744669051,-0.0076437428957482,0.0003941555716503,0.0001693993638787
740.0000000,1.422728E+01,1.369243E+01,5.20194,0.048935,1.3037,273.7103,100.5170,9.547919E-04,4.3189400702894902,2.4271548276443258,-0.1067231956776544,-0.0037909630421273,0.0069448621519112,0.0000559777148928
750.0000000,1.422728E+01,3.172585E+02,5.20194,0.048935,1.3037,273.7103,100.5170,9.547919E-04,4.2339900576470741,-2.6976434458185761,-0.0835338909272742,0.0039665510765935,0.0067301426733169,-0.0001167127775265
760.0000000,1.422728E+01,2.608245E+02,5.20194,0.048935,1.3037,273.7103,100.5170,9.547919E-04,-0.0384571220449315,-5.2543247886516360,0.0226870323683073,0.0074619150350823,0.0003023486776890,-0.0001682240617256
770.0000000,1.422728E+01,2.043906E+02,5.20194,0.048935,1.3037,273.7103,100.5170,9.547919E-04,-4.3725533803424641,-3.2273808929983034,0.1112469957569365,0.0043941776730836,-0.0057206877632535,-0.0000745605009102
780.0000000,1.422728E+01,1.479567E+02,5.20194,0.048935,1.3037,273.7103,100.5170,9.547919E-04,-5.2353216624776229,1.4022875842275602,0.1113206464175392,-0.0020439664571046,-0.0069393002448449,0.0000745617914399
790.0000000,1.422728E+01,9.152272E+01,5.20194,0.048935,1.3037,273.7103,100.5170,9.547919E-04,-1.8995138430600456,4.8632650872922287,0.0223015473530430,-0.0071259624591705,-0.0023902185578682,0.0001693798047603
800.0000000,1.422728E+01,3.508878E+01,5.20194,0.048935,1.3037,273.7103,100.5170,9.547919E-04,3.0273185460553407,3.9759888224147919,-0.0842556928618752,-0.0060998107149547,0.0049360244820004,0.0001159853111310
810.0000000,1.422728E+01,3.386548E+02,5.20194,0.048935,1.3037,273.7103,100.5170,9.547919E-04,4.9004063151065642,-0.8012548730046597,-0.1063232630161496,0.0011269704862912,0.0078141902167851,-0.0000576773548781
820.0000000,1.422728E+01,2.822209E+02,5.20194,0.048935,1.3037,273.7103,100.5170,9.547919E-04,1.8409592362690399,-4.8205092835976000,-0.0211689351910766,0.0069648261646409,0.0030536735325815,-0.0001685302109040
830.0000000,1.422728E+01,2.257869E+02,5.20194,0.048935,1.3037,273.7103,100.5170,9.547919E-04,-2.9979107143542096,-4.4731597309004085,0.0856629146728662,0.0061829994563225,-0.0038487315316647,-0.0001223633707419
840.0000000,1.422728E+01,1.693530E+02,5.20194,0.048935,1.3037,273.7103,100.5170,9.547919E-04,-5.4338922898519710,-0.4329879518564635,0.1233876222747744,0.0005096382492131,-0.0071725806068565,0.0000183912815228
850.0000000,1.422728E+01,1.129191E+02,5.20194,0.048935,1.3037,273.7103,100.5170,9.547919E-04,-3.5659522590294235,3.9357626086183570,0.0634426924543801,-0.0056872731566891,-0.0047145725526717,0.0001468430249215
860.0000000,1.422728E+01,5.648512E+01,5.20194,0.048935,1.3037,273.7103,100.5170,9.547919E-04,1.2651227821684543,4.9097920224820273,-0.0487037587941262,-0.0074048164434604,0.0022445165146270,0.0001563667195845
870.0000000,1.422728E+01,5.117976E-02,5.20194,0.048935,1.3037,273.7103,100.5170,9.547919E-04,4.7931847301341808,1.2204103354599842,-0.1123220848191997,-0.0019546996811038,0.0076796877355247,0.0000118369418067
880.0000000,1.422728E+01,3.036172E+02,5.20194,0.048935,1.3037,273.7103,100.5170,9.547919E-04,3.4581483055667213,-3.7070589016409903,-0.0619805043151918,0.0054312594566349,0.0055121114768648,-0.0001444274365107
890.0000000,1.422728E+01,2.471833E+02,5.20194,0.048935,1.3037,273.7103,100.5170,9.547919E-04,-1.2511336747857418,-5.1612221933191833,0.0494351812611716,0.0072494361600565,-0.0014225073764613,-0.0001563045579358
900.0000000,1.422728E+01,1.907494E+02,5.20194,0.048935,1.3037,273.7103,100.5170,9.547919E-04,-4.9800763868099702,-2.2166044208336437,0.1206421793795574,0.0029803593838009,-0.0065439598437013,-0.0000395049676867
910.0000000,1.422728E+01,1.343154E+02,5.20194,0.048935,1.3037,273.7103,100.5170,9.547919E-04,-4.7713181364171664,2.4964917238741182,0.0963927511543888,-0.0035912829793263,-0.0063357941305458,0.0001066776363798
920.0000000,1.422728E+01,7.788147E+01,5.20194,0.048935,1.3037,273.7103,100.5170,9.547919E-04,-0.6873960735046016,5.1145878411134120,-0.0058648443063292,-0.0075764859582850,-0.0006475083815629,0.0001722215018188
930.0000000,1.422728E+01,2.144753E+01,5.20194,0.048935,1.3037,273.7103,100.5170,9.547919E-04,3.9208610764544600,3.0472732284246615,-0.1003917421869669,-0.0047254102086683,0.0063241418591354,0.0000794654191166
940.0000000,1.422728E+01,3.250136E+02,5.20194,0.048935,1.3037,273.7103,100.5170,9.547919E-04,4.5595777249843605,-2.0442401271155046,-0.0935334967934785,0.0029979457085653,0.0072522454397705,-0.0000972080457250
950.0000000,1.422728E+01,2.685796E+02,5.20194,0.048935,1.3037,273.7103,100.5170,9.547919E-04,0.6560704863258873,-5.1792667527778979,0.0068344636733087,0.0074022099114804,0.0013072954902311,-0.0001710626560022
960.0000000,1.422728E+01,2.121457E+02,5.20194,0.048935,1.3037,273.7103,100.5170,9.547919E-04,-3.9284902150333512,-3.7337987018876535,0.1034142853260785,0.0051121271613569,-0.0051185169925470,-0.0000931267897346
970.0000000,1.422728E+01,1.557118E+02,5.20194,0.048935,1.3037,273.7103,100.5170,9.547919E-04,-5.3833372989632586,0.7452237628106796,0.1173620993430804,-0.0011256187239233,-0.0071251080377439,0.0000547846539755
980.0000000,1.422728E+01,9.927782E+01,5.20194,0.048935,1.3037,273.7103,100.5170,9.547919E-04,-2.5453730346573864,4.5971941386647419,0.0378585790776331,-0.0066981387653136,-0.0033013052677879,0.0001635914677761
990.0000000,1.422728E+01,4.284387E+01,5.20194,0.048935,1.3037,273.7103,100.5170,9.547919E-04,2.4290223261624897,4.3941826107088318,-0.0726053741666027,-0.0067008136903770,0.0040144129507510,0.0001332617601190
1000.0000000,1.422728E+01,3.464099E+02,5.20194,0.048935,1.3037,273.7103,100.5170,9.547919E-04,4.9535773948272190,-0.0662446365696143,-0.1105662605691099,0.0000094179645587,0.0079124783294911,-0.0000330792457088
1010.0000000,1.422728E+01,2.899760E+02,5.20194,0.048935,1.3037,273.7103,100.5170,9.547919E-04,2.4714258984360948,-4.4910054390359697,-0.0366450439183124,0.0065258749658905,0.0040009120725168,-0.0001626430594753
1020.0000000,1.422728E+01,2.335420E+02,5.20194,0.048935,1.3037,273.7103,100.5170,9.547919E-04,-2.3977540646596736,-4.7942494223174625,0.0735675956012390,0.0066641105051640,-0.0030221155066851,-0.0001365625010731
1030.0000000,1.422728E+01,1.771081E+02,5.20194,0.048935,1.3037,273.7103,100.5170,9.547919E-04,-5.3433357351297062,-1.0970478965320105,0.1241198364861199,0.0014284801714624,-0.0070421527632896,-0.0000027105597263
1040.0000000,1.422728E+01,1.206742E+02,5.20194,0.048935,1.3037,273.7103,100.5170,9.547919E-04,-4.0646465611352367,3.4634678547556526,0.0765634124746439,-0.0049885186296572,-0.0053923812152761,0.0001340232898345
1050.0000000,1.422728E+01,6.424022E+01,5.20194,0.048935,1.3037,273.7103,100.5170,9.547919E-04,0.5640226239287522,5.0703486513011811,-0.0336828679865968,-0.0075975014244541,0.0011944850265742,0.0001650400868704
1060.0000000,1.422728E+01,7.806277E+00,5.20194,0.048935,1.3037,273.7103,100.5170,9.547919E-04,4.5605059362517073,1.9214876168357971,-0.1100279366146900,-0.0030234365487792,0.0073207232393922,0.0000372421816053
1070.0000000,1.422728E+01,3.113723E+02,5.20194,0.048935,1.3037,273.7103,100.5170,9.547919E-04,3.9288914794575982,-3.1576061043889205,-0.0747963040316806,0.0046396530328299,0.0062474367310216,-0.0001297689682112
1080.0000000,1.422728E+01,2.549384E+02,5.20194,0.048935,1.3037,273.7103,100.5170,9.547919E-04,-0.5658343359225803,-5.2489491648321485,0.0344653151281826,0.0074185907012680,-0.0004522387521833,-0.0001641200714994
1090.0000000,1.422728E+01,1.985045E+02,5.20194,0.048935,1.3037,273.7103,100.5170,9.547919E-04,-4.6631072638933029,-2.8079635301232173,0.1160061771651367,0.0038051674060562,-0.0061141476624856,-0.0000597463480520
1100.0000000,1.422728E+01,1.420705E+02,5.20194,0.048935,1.3037,273.7103,100.5170,9.547919E-04,-5.0663374479472827,1.8864271767725973,0.1055283286337387,-0.0027252607751637,-0.0067217574903956,0.0000889027850947
1110.0000000,1.422728E+01,8.563657E+01,5.20194,0.048935,1.3037,273.7103,100.5170,9.547919E-04,-1.3857679985207285,5.0067618927845121,0.0102098631829167,-0.0073700089229640,-0.0016567115542761,0.0001717936030217
1120.0000000,1.422728E+01,2.920262E+01,5.20194,0.048935,1.3037,273.7103,100.5170,9.547919E-04,3.4404091550586080,3.6033990057763190,-0.0919512828933519,-0.0055533319486719,0.0055763213014577,0.0001010974819213
1130.0000000,1.422728E+01,3.327687E+02,5.20194,0.048935,1.3037,273.7103,100.5170,9.547919E-04,4.7911366539472837,-1.3487153329446679,-0.1016040849374202,0.0019546945971322,0.0076306258297137,-0.0000754360137555
1140.0000000,1.422728E+01,2.763347E+02,5.20194,0.048935,1.3037,273.7103,100.5170,9.547919E-04,1.3386837754074370,-5.0104829628149092,-0.0091408474064335,0.0072060341158924,0.0023082273568256,-0.0001708308990651
1150.0000000,1.422728E+01,2.199008E+02,5.20194,0.048935,1.3037,273.7103,100.5170,9.547919E-04,-3.4209123405678303,-4.1798260877663340,0.0939095048986577,0.0057537123873403,-0.0044275266460211,-0.0001103533061896
1160.0000000,1.422728E+01,1.634669E+02,5.20194,0.048935,1.3037,273.7103,100.5170,9.547919E-04,-5.4450265867998340,0.0761966536167095,0.1215216061262676,-0.0001958107625432,-0.0071956999530200,0.0000342724741641
1170.0000000,1.422728E+01,1.070329E+02,5.20194,0.048935,1.3037,273.7103,100.5170,9.547919E-04,-3.1460954789902305,4.2495209534062983,0.0527446056351245,-0.0061605900659688,-0.0041372365193360,0.0001550357233035
1180.0000000,1.422728E+01,5.059897E+01,5.20194,0.048935,1.3037,273.7103,100.5170,9.547919E-04,1.7813101572831664,4.7230578156383283,-0.0594782920348089,-0.0071577263931822,0.0030254933842508,0.0001475936377425
1190.0000000,1.422728E+01,3.541650E+02,5.20194,0.048935,1.3037,273.7103,100.5170,9.547919E-04,4.9019697689490362,0.6701527891052358,-0.1124704881071379,-0.0011143509058354,0.0078435637354684,-0.0000076474776718
1200.0000000,1.422728E+01,2.977311E+02,5.20194,0.048935,1.3037,273.7103,100.5170,9.547919E-04,3.0546185922342883,-4.0756886040213818,-0.0514198164462367,0.0059523749043095,0.0048895371596617,-0.0001535017566018
1210.0000000,1.422728E+01,2.412971E+02,5.20194,0.048935,1.3037,273.7103,100.5170,9.547919E-04,-1.7575383562418569,-5.0351799863610784,0.0602429317011994,0.0070400250668910,-0.0021324737215998,-0.0001486695602936
1220.0000000,1.422728E+01,1.848632E+02,5.20194,0.048935,1.3037,273.7103,100.5170,9.547919E-04,-5.1680412888439795,-1.7437117535184390,0.1228836888127426,0.0023238742725349,-0.0068001644787212,-0.0000237511547273
1230.0000000,1.422728E+01,1.284293E+02,5.20194,0.048935,1.3037,273.7103,100.5170,9.547919E-04,-4.4946371677798904,2.9325909437209492,0.0883901667484831,-0.0042169754904531,-0.0059691210980966,0.0001191549932601
1240.0000000,1.422728E+01,7.199532E+01,5.20194,0.048935,1.3037,273.7103,100.5170,9.547919E-04,-0.1480566692039916,5.1326042190138388,-0.0180079641005656,-0.0076406823749869,0.0001411683407017,0.0001703817928694
1250.0000000,1.422728E+01,1.556137E+01,5.20194,0.048935,1.3037,273.7103,100.5170,9.547919E-04,4.2310531551757222,2.5817997700838897,-0.1053990311666976,-0.0040248285959969,0.0068078549428467,0.0000617798288950
1260.0000000,1.422728E+01,3.191274E+02,5.20194,0.048935,1.3037,273.7103,100.5170,9.547919E-04,4.3206611208135755,-2.5447341755037005,-0.0861084325631070,0.0037410634763384,0.0068683205576481,-0.0001122412503930
1270.0000000,1.422728E+01,2.626935E+02,5.20194,0.048935,1.3037,273.7103,100.5170,9.547919E-04,0.1293307450374132,-5.2448108040878365,0.0188930833152402,0.0074598210406392,0.0005439363173497,-0.0001691807637382
1280.0000000,1.422728E+01,2.062595E+02,5.20194,0.048935,1.3037,273.7103,100.5170,9.547919E-04,-4.2717165774118389,-3.3544970529615865,0.1095187092302009,0.0045735867075829,-0.0055840817421654,-0.0000791424271677
1290.0000000,1.422728E+01,1.498256E+02,5.20194,0.048935,1.3037,273.7103,100.5170,9.547919E-04,-5.2788183536861899,1.2456085297378501,0.1129447763375728,-0.0018243990793089,-0.0069945976828442,0.0000698784492865
1300.0000000,1.422728E+01,9.339166E+01,5.20194,0.048935,1.3037,273.7103,100.5170,9.547919E-04,-2.0587303217668618,4.8069707298362889,0.0260980287911947,-0.0070335581395444,-0.0026159762254191,0.0001682499615544
1310.0000000,1.422728E+01,3.695772E+01,5.20194,0.048935,1.3037,273.7103,100.5170,9.547919E-04,2.8883650339050737,4.0845814641777354,-0.0815975584919478,-0.0062573743542617,0.0047213361946178,0.0001204027784362
1320.0000000,1.422728E+01,3.405238E+02,5.20194,0.048935,1.3037,273.7103,100.5170,9.547919E-04,4.9227463377320175,-0.6250820813231474,-0.1075549676595808,0.0008596591503109,0.0078530026730135,-0.0000518572132818
1330.0000000,1.422728E+01,2.840898E+02,5.20194,0.048935,1.3037,273.7103,100.5170,9.547919E-04,1.9965446201606780,-4.7492221160067496,-0.0249464473832028,0.0068715770355517,0.0032862035660734,-0.0001674095966801
1340.0000000,1.422728E+01,2.276559E+02,5.20194,0.048935,1.3037,273.7103,100.5170,9.547919E-04,-2.8574564814284709,-4.5575460923805542,0.0828706470015772,0.0063080421725988,-0.0036558753539309,-0.0001259624578145
1350.0000000,1.422728E+01,1.712220E+02,5.20194,0.048935,1.3037,273.7103,100.5170,9.547919E-04,-5.4199242101440426,-0.5940537837584711,0.1237441409490241,0.0007325587281027,-0.0071514871597072,0.0000133155817971
1360.0000000,1.422728E+01,1.147880E+02,5.20194,0.048935,1.3037,273.7103,100.5170,9.547919E-04,-3.6920416527879993,3.8277988493256854,0.0667125561232477,-0.0055262742672480,-0.0048867897752011,0.0001439558994311
1370.0000000,1.422728E+01,5.835407E+01,5.20194,0.048935,1.3037,273.7103,100.5170,9.547919E-04,1.0979159661642059,4.9574387520497964,-0.0451602575036914,-0.0074650650170172,0.0019929531450422,0.0001587598406109
1380.0000000,1.422728E+01,1.920125E+00,5.20194,0.048935,1.3037,273.7103,100.5170,9.547919E-04,4.7462743681663415,1.3923140999204422,-0.1119865065711549,-0.0022170657925585,0.0076078294079347,0.0000180061563365
1390.0000000,1.422728E+01,3.054862E+02,5.20194,0.048935,1.3037,273.7103,100.5170,9.547919E-04,3.5782683848125720,-3.5809981783487523,-0.0651919733268606,0.0052510464255765,0.0056987648220654,-0.0001411703424249
1400.0000000,1.422728E+01,2.490522E+02,5.20194,0.048935,1.3037,273.7103,100.5170,9.547919E-04,-1.0875157211863300,-5.1906213499610558,0.0458961839076268,0.0073015383856753,-0.0011918693423878,-0.0001584284719229
1410.0000000,1.422728E+01,1.926183E+02,5.20194,0.048935,1.3037,273.7103,100.5170,9.547919E-04,-4.9107657897571171,-2.3627122406782934,0.1196982160005464,0.0031836671221031,-0.0064498307913853,-0.0000444452025492
1420.0000000,1.422728E+01,1.361844E+02,5.20194,0.048935,1.3037,273.7103,100.5170,9.547919E-04,-4.8497782081010454,2.3528453534455034,0.0987450851511057,-0.0033864894900666,-0.0064390185032250,0.0001025239642686
1430.0000000,1.422728E+01,7.975041E+01,5.20194,0.048935,1.3037,273.7103,100.5170,9.547919E-04,-0.8573645639713414,5.0972476358014394,-0.0019895913450205,-0.0075391432596615,-0.0008943891031212,0.0001724114649606
1440.0000000,1.422728E+01,2.331647E+01,5.20194,0.048935,1.3037,273.7103,100.5170,9.547919E-04,3.8122273157377848,3.1875949401191490,-0.0985438466134163,-0.0049354017072475,0.0061548365894540,0.0000848674927702
1450.0000000,1.422728E+01,3.268825E+02,5.20194,0.048935,1.3037,273.7103,100.5170,9.547919E-04,4.6242414621158821,-1.8799632167189244,-0.0956628229249215,0.0027525363534532,0.0073571051298341,-0.0000921523445356
1460.0000000,1.422728E+01,2.704486E+02,5.20194,0.048935,1.3037,273.7103,100.5170,9.547919E-04,0.8221497323631910,-5.1471446601856385,0.0029848324993932,0.0073675240164988,0.0015495787801637,-0.0001712929701121
1470.0000000,1.422728E+01,2.140146E+02,5.20194,0.048935,1.3037,273.7103,100.5170,9.547919E-04,-3.8117030727835286,-3.8471247072896158,0.1012718089522887,0.0052741492466267,-0.0049598269965092,-0.0000974114019750
1480.0000000,1.422728E+01,1.575807E+02,5.20194,0.048935,1.3037,273.7103,100.5170,9.547919E-04,-5.4061370777822608,0.5846783198710129,0.1185391753562672,-0.0009020942598251,-0.0071526604240977,0.0000498975147004
